{"cameraMode":{"drawMode":0,"name":"Shaded","section":"Shading Mode"},"sceneLighting":false,"audioPlay":false,"sceneViewState":{"showFog":true,"showMaterialUpdate":false,"showSkybox":false,"showFlares":true,"showImageEffects":true,"showParticleSystems":true},"in2DMode":false,"pivot":{"x":0.00001947954297065735,"y":0.03846524655818939,"z":0.0010343287140130997},"rotation":{"x":-0.01650298945605755,"y":0.9830236434936523,"z":-0.11286123096942902,"w":-0.14374548196792603},"size":0.2295244336128235,"orthographic":false}