{"cameraMode":{"drawMode":0,"name":"Shaded","section":"Shading Mode"},"sceneLighting":false,"audioPlay":false,"sceneViewState":{"showFog":true,"showMaterialUpdate":false,"showSkybox":false,"showFlares":true,"showImageEffects":true,"showParticleSystems":true},"in2DMode":false,"pivot":{"x":-0.020074501633644105,"y":0.003405314404517412,"z":0.033349547535181048},"rotation":{"x":0.124082051217556,"y":0.7615395188331604,"z":-0.15303096175193788,"w":0.6174677610397339},"size":0.08987212181091309,"orthographic":false}